N,M,Number of Threads,Number of Active Cores,DRAM Cost (pJ/bit),Weight Bus Cost (pJ/bit),Data Dispatch Bus Cost (pJ/bit),Activation Precision (bits),Weight Precision (bits),Network,Layer,Total Cycles,Core Cycles,Core Compute Cycles,Memory wait cycles,Energy,Data Dispatch Hops,Weight Bus Hops,Weight SRAM Read,Weight SRAM Write,Output SRAM Read,Output SRAM Write,Activation SRAM Read,Actiation SRAM Write,Activation FIFO Read,Activation FIFO Write,Output Acccumulator Read,Output Accumulator Write,DRAM Read,DRAM Write,Tiling,Ordering,Partitioning,Stationary,Bandwidth (bits/cycle),Weight SRAM Size (bits),Output SRAM Size (bits),Input SRAM Size (bits),Act FIFO Size (bits),Out Accumulator Size (Bits),Batch size
256.0,32.0,1,8,12.5,0.61,0.61,16,16,GoogleNet,conv1,73855,25088,25088,48767,1425164.000018598,0,225792.0,1053696,150528,102760448,102760448,59006976,2846928,59006976,2846928,102760448,102760448,54377680,51380224,"{'B/b': (1, 1), 'OW/ow': (7, 16), 'OH/oh': (1, 112), 'IC/ic': (1, 3), 'OC/oc': (2, 32)}","('OH/oh', 'IC/ic', 'OC/oc', 'OW/ow', 'B/b')",oc,Weight Stationary,2864,2097152.0,1048576.0,2097152.0,0.0,0.0,1
64.0,64.0,2,8,12.5,0.61,0.61,16,16,GoogleNet,conv2_3x3_reduce,20229,1568,1568,18661,375138.229407744,65536,0.0,1835008,131072,25690112,25690112,3211264,3211264,3211264,3211264,25690112,25690112,16121856,12845056,"{'B/b': (1, 1), 'OW/ow': (14, 4), 'OH/oh': (1, 28), 'IC/ic': (1, 64), 'OC/oc': (1, 64)}","('OH/oh', 'IC/ic', 'OC/oc', 'OW/ow', 'B/b')",of,Weight Stationary,2864,1048576.0,1048576.0,1048576.0,0.0,0.0,1
128.0,64.0,1,8,12.5,0.61,0.61,16,16,GoogleNet,conv2_3x3,57961,47040,47040,10921,1235669.9973637122,0,2654208.0,12386304,1769472,231211008,231211008,86704128,4157440,86704128,4157440,231211008,231211008,44462080,38535168,"{'B/b': (1, 1), 'OW/ow': (7, 8), 'OH/oh': (1, 56), 'IC/ic': (1, 64), 'OC/oc': (3, 64)}","('OH/oh', 'IC/ic', 'OC/oc', 'OW/ow', 'B/b')",oc,Weight Stationary,2864,2097152.0,1048576.0,2097152.0,0.0,0.0,1
64.0,64.0,2,8,12.5,0.61,0.61,16,16,GoogleNet,inception_3a_1x1,7481,1176,1176,6305,120720.213859328,196608,0.0,393216,393216,12845056,12845056,2408448,2408448,2408448,2408448,12845056,12845056,5816320,3211264,"{'B/b': (1, 1), 'OW/ow': (1, 28), 'OH/oh': (1, 14), 'IC/ic': (3, 64), 'OC/oc': (1, 64)}","('OH/oh', 'IC/ic', 'OC/oc', 'OW/ow', 'B/b')",of,Weight Stationary,2864,1048576.0,1048576.0,1048576.0,0.0,0.0,1
256.0,32.0,1,8,12.5,0.61,0.61,16,16,GoogleNet,inception_3a_3x3_reduce,8617,2352,2352,6265,165348.396060672,0,442368.0,2064384,294912,9633792,9633792,7225344,2408448,7225344,2408448,9633792,9633792,7520256,4816896,"{'B/b': (1, 1), 'OW/ow': (7, 4), 'OH/oh': (1, 28), 'IC/ic': (1, 192), 'OC/oc': (1, 96)}","('OH/oh', 'IC/ic', 'OC/oc', 'OW/ow', 'B/b')",oc,Weight Stationary,2864,2097152.0,1048576.0,2097152.0,0.0,0.0,1
128.0,64.0,1,8,12.5,0.61,0.61,16,16,GoogleNet,inception_3a_3x3,14656,10976,10976,3680,263355.993252864,0,2654208.0,24772608,1769472,51380224,51380224,21676032,2580480,21676032,2580480,51380224,51380224,10772480,6422528,"{'B/b': (1, 1), 'OW/ow': (14, 2), 'OH/oh': (1, 28), 'IC/ic': (1, 96), 'OC/oc': (1, 128)}","('OH/oh', 'IC/ic', 'OC/oc', 'OW/ow', 'B/b')",oc,Weight Stationary,2864,2097152.0,1048576.0,2097152.0,0.0,0.0,1
64.0,32.0,4,8,12.5,0.61,0.61,16,16,GoogleNet,inception_3a_5x5_reduce,3426,588,588,2838,54424.083720704,49152,0.0,196608,196608,3211264,3211264,2408448,2408448,2408448,2408448,3211264,3211264,3260416,802816,"{'B/b': (1, 1), 'OW/ow': (1, 14), 'OH/oh': (1, 14), 'IC/ic': (3, 64), 'OC/oc': (1, 16)}","('OH/oh', 'IC/ic', 'OC/oc', 'OW/ow', 'B/b')",of,Weight Stationary,2864,524288.0,524288.0,524288.0,0.0,0.0,1
256.0,32.0,1,8,12.5,0.61,0.61,16,16,GoogleNet,inception_3a_5x5,4138,1568,1568,2570,52631.758635520004,0,307200.0,204800,204800,4816896,4816896,5017600,262144,5017600,262144,4816896,4816896,2072576,1605632,"{'B/b': (1, 1), 'OW/ow': (1, 28), 'OH/oh': (1, 28), 'IC/ic': (2, 8), 'OC/oc': (1, 32)}","('OH/oh', 'IC/ic', 'OC/oc', 'OW/ow', 'B/b')",oc,Weight Stationary,2864,2097152.0,1048576.0,2097152.0,0.0,0.0,1
64.0,32.0,4,8,12.5,0.61,0.61,16,16,GoogleNet,inception_3a_pool_proj,4582,588,588,3994,76153.742115328,98304,0.0,393216,393216,6422528,6422528,2408448,2408448,2408448,2408448,6422528,6422528,4112384,1605632,"{'B/b': (1, 1), 'OW/ow': (1, 14), 'OH/oh': (1, 14), 'IC/ic': (3, 64), 'OC/oc': (1, 32)}","('OH/oh', 'IC/ic', 'OC/oc', 'OW/ow', 'B/b')",of,Weight Stationary,2864,524288.0,524288.0,524288.0,0.0,0.0,1
128.0,64.0,1,8,12.5,0.61,0.61,16,16,GoogleNet,inception_3b_1x1,11580,3136,3136,8444,223078.325710848,0,786432.0,3670016,524288,19267584,19267584,6422528,3211264,6422528,3211264,19267584,19267584,10158080,6422528,"{'B/b': (1, 1), 'OW/ow': (7, 4), 'OH/oh': (1, 28), 'IC/ic': (1, 256), 'OC/oc': (1, 128)}","('OH/oh', 'IC/ic', 'OC/oc', 'OW/ow', 'B/b')",oc,Weight Stationary,2864,2097152.0,1048576.0,2097152.0,0.0,0.0,1
128.0,64.0,1,8,12.5,0.61,0.61,16,16,GoogleNet,inception_3b_3x3_reduce,11580,3136,3136,8444,223078.325710848,0,786432.0,3670016,524288,19267584,19267584,6422528,3211264,6422528,3211264,19267584,19267584,10158080,6422528,"{'B/b': (1, 1), 'OW/ow': (7, 4), 'OH/oh': (1, 28), 'IC/ic': (1, 256), 'OC/oc': (1, 128)}","('OH/oh', 'IC/ic', 'OC/oc', 'OW/ow', 'B/b')",oc,Weight Stationary,2864,2097152.0,1048576.0,2097152.0,0.0,0.0,1
64.0,32.0,4,8,12.5,0.61,0.61,16,16,GoogleNet,inception_3b_3x3,25288,21168,21168,4120,445069.943779328,3538944,0.0,14155776,14155776,183042048,183042048,86704128,2097152,86704128,2097152,183042048,183042048,15269888,9633792,"{'B/b': (1, 1), 'OW/ow': (1, 14), 'OH/oh': (1, 14), 'IC/ic': (1, 128), 'OC/oc': (6, 32)}","('OH/oh', 'IC/ic', 'OC/oc', 'OW/ow', 'B/b')",of,Weight Stationary,2864,524288.0,524288.0,524288.0,0.0,0.0,1
256.0,32.0,1,8,12.5,0.61,0.61,16,16,GoogleNet,inception_3b_5x5_reduce,5362,784,784,4578,86499.99948185601,0,196608.0,131072,131072,3211264,3211264,3211264,3211264,3211264,3211264,3211264,3211264,4947968,1605632,"{'B/b': (1, 1), 'OW/ow': (1, 28), 'OH/oh': (1, 28), 'IC/ic': (1, 256), 'OC/oc': (1, 32)}","('OH/oh', 'IC/ic', 'OC/oc', 'OW/ow', 'B/b')",oc,Weight Stationary,2864,2097152.0,1048576.0,2097152.0,0.0,0.0,1
256.0,32.0,1,8,12.5,0.61,0.61,16,16,GoogleNet,inception_3b_5x5,11709,9408,9408,2301,191905.53051648004,0,1843200.0,17203200,1228800,24084480,24084480,30105600,1376256,30105600,1376256,24084480,24084480,7421952,4816896,"{'B/b': (1, 1), 'OW/ow': (14, 2), 'OH/oh': (1, 28), 'IC/ic': (1, 32), 'OC/oc': (1, 96)}","('OH/oh', 'IC/ic', 'OC/oc', 'OW/ow', 'B/b')",oc,Weight Stationary,2864,2097152.0,1048576.0,2097152.0,0.0,0.0,1
128.0,64.0,1,8,12.5,0.61,0.61,16,16,GoogleNet,inception_3b_pool_proj,8480,1568,1568,6912,131931.385014272,0,393216.0,262144,262144,9633792,9633792,3211264,3211264,3211264,3211264,9633792,9633792,6684672,3211264,"{'B/b': (1, 1), 'OW/ow': (1, 28), 'OH/oh': (1, 28), 'IC/ic': (2, 128), 'OC/oc': (1, 64)}","('OH/oh', 'IC/ic', 'OC/oc', 'OW/ow', 'B/b')",oc,Weight Stationary,2864,2097152.0,1048576.0,2097152.0,0.0,0.0,1
128.0,64.0,1,8,12.5,0.61,0.61,16,16,GoogleNet,inception_4a_1x1,7797,2352,2352,5445,109276.82041728002,0,2211840.0,1474560,1474560,12042240,12042240,4515840,1505280,4515840,1505280,12042240,12042240,5388288,2408448,"{'B/b': (1, 1), 'OW/ow': (1, 14), 'OH/oh': (1, 14), 'IC/ic': (1, 480), 'OC/oc': (3, 64)}","('OH/oh', 'IC/ic', 'OC/oc', 'OW/ow', 'B/b')",oc,Weight Stationary,2864,2097152.0,1048576.0,2097152.0,0.0,0.0,1
256.0,32.0,1,8,12.5,0.61,0.61,16,16,GoogleNet,inception_4a_3x3_reduce,4424,1176,1176,3248,64301.172733440006,0,1105920.0,737280,737280,3612672,3612672,4515840,1505280,4515840,1505280,3612672,3612672,3446784,1204224,"{'B/b': (1, 1), 'OW/ow': (1, 14), 'OH/oh': (1, 14), 'IC/ic': (1, 480), 'OC/oc': (3, 32)}","('OH/oh', 'IC/ic', 'OC/oc', 'OW/ow', 'B/b')",oc,Weight Stationary,2864,2097152.0,1048576.0,2097152.0,0.0,0.0,1
64.0,32.0,4,8,12.5,0.61,0.61,16,16,GoogleNet,inception_4a_3x3,9384,4802,4802,4582,147782.589577472,3096576,0.0,12386304,12386304,42147840,42147840,18966528,497664,18966528,497664,42147840,42147840,6404096,2809856,"{'B/b': (1, 1), 'OW/ow': (1, 7), 'OH/oh': (1, 7), 'IC/ic': (1, 96), 'OC/oc': (7, 32)}","('OH/oh', 'IC/ic', 'OC/oc', 'OW/ow', 'B/b')",of,Weight Stationary,2864,524288.0,524288.0,524288.0,0.0,0.0,1
256.0,32.0,1,8,12.5,0.61,0.61,16,16,GoogleNet,inception_4a_5x5_reduce,1811,392,392,1419,27346.743821440003,0,184320.0,122880,122880,602112,602112,1505280,1505280,1505280,1505280,602112,602112,1828864,200704,"{'B/b': (1, 1), 'OW/ow': (1, 14), 'OH/oh': (1, 14), 'IC/ic': (1, 480), 'OC/oc': (1, 16)}","('OH/oh', 'IC/ic', 'OC/oc', 'OW/ow', 'B/b')",oc,Weight Stationary,2864,2097152.0,1048576.0,2097152.0,0.0,0.0,1
64.0,64.0,2,8,12.5,0.61,0.61,16,16,GoogleNet,inception_4a_5x5,1813,686,686,1127,23721.78392768,307200,0.0,614400,614400,4816896,4816896,1254400,101376,1254400,101376,4816896,4816896,1010688,602112,"{'B/b': (1, 1), 'OW/ow': (1, 14), 'OH/oh': (1, 7), 'IC/ic': (1, 16), 'OC/oc': (1, 48)}","('OH/oh', 'IC/ic', 'OC/oc', 'OW/ow', 'B/b')",of,Weight Stationary,2864,1048576.0,1048576.0,1048576.0,0.0,0.0,1
128.0,64.0,1,8,12.5,0.61,0.61,16,16,GoogleNet,inception_4a_pool_proj,3301,784,784,2517,49203.57937536,0,737280.0,491520,491520,4014080,4014080,1505280,1505280,1505280,1505280,4014080,4014080,2799616,802816,"{'B/b': (1, 1), 'OW/ow': (1, 14), 'OH/oh': (1, 14), 'IC/ic': (1, 480), 'OC/oc': (1, 64)}","('OH/oh', 'IC/ic', 'OC/oc', 'OW/ow', 'B/b')",oc,Weight Stationary,2864,2097152.0,1048576.0,2097152.0,0.0,0.0,1
256.0,32.0,1,8,12.5,0.61,0.61,16,16,GoogleNet,inception_4b_1x1,6801,1960,1960,4841,96959.09775232,0,1966080.0,1310720,1310720,6021120,6021120,8028160,1605632,8028160,1605632,6021120,6021120,4923392,2007040,"{'B/b': (1, 1), 'OW/ow': (1, 14), 'OH/oh': (1, 14), 'IC/ic': (2, 256), 'OC/oc': (5, 32)}","('OH/oh', 'IC/ic', 'OC/oc', 'OW/ow', 'B/b')",oc,Weight Stationary,2864,2097152.0,1048576.0,2097152.0,0.0,0.0,1
128.0,64.0,1,8,12.5,0.61,0.61,16,16,GoogleNet,inception_4b_3x3_reduce,5294,1568,1568,3726,74377.063108992,0,1376256.0,917504,917504,7024640,7024640,3211264,1605632,3211264,1605632,7024640,7024640,3928064,1404928,"{'B/b': (1, 1), 'OW/ow': (1, 14), 'OH/oh': (1, 14), 'IC/ic': (4, 128), 'OC/oc': (1, 112)}","('OH/oh', 'IC/ic', 'OC/oc', 'OW/ow', 'B/b')",oc,Weight Stationary,2864,2097152.0,1048576.0,2097152.0,0.0,0.0,1
64.0,32.0,4,8,12.5,0.61,0.61,16,16,GoogleNet,inception_4b_3x3,10180,5488,5488,4692,160046.95833638404,3612672,0.0,14450688,14450688,47767552,47767552,22127616,580608,22127616,580608,47767552,47767552,7003136,2809856,"{'B/b': (1, 1), 'OW/ow': (1, 7), 'OH/oh': (1, 7), 'IC/ic': (1, 112), 'OC/oc': (7, 32)}","('OH/oh', 'IC/ic', 'OC/oc', 'OW/ow', 'B/b')",of,Weight Stationary,2864,524288.0,524288.0,524288.0,0.0,0.0,1
256.0,32.0,1,8,12.5,0.61,0.61,16,16,GoogleNet,inception_4b_5x5_reduce,2072,392,392,1680,32259.789217344,0,294912.0,196608,196608,903168,903168,1605632,1605632,1605632,1605632,903168,903168,2103296,301056,"{'B/b': (1, 1), 'OW/ow': (1, 14), 'OH/oh': (1, 14), 'IC/ic': (2, 256), 'OC/oc': (1, 24)}","('OH/oh', 'IC/ic', 'OC/oc', 'OW/ow', 'B/b')",oc,Weight Stationary,2864,2097152.0,1048576.0,2097152.0,0.0,0.0,1
128.0,64.0,1,8,12.5,0.61,0.61,16,16,GoogleNet,inception_4b_5x5,2618,980,980,1638,34050.18640288,0,921600.0,614400,614400,4816896,4816896,1881600,124416,1881600,124416,4816896,4816896,1541632,802816,"{'B/b': (1, 1), 'OW/ow': (1, 14), 'OH/oh': (1, 14), 'IC/ic': (1, 24), 'OC/oc': (1, 64)}","('OH/oh', 'IC/ic', 'OC/oc', 'OW/ow', 'B/b')",oc,Weight Stationary,2864,2097152.0,1048576.0,2097152.0,0.0,0.0,1
128.0,64.0,1,8,12.5,0.61,0.61,16,16,GoogleNet,inception_4b_pool_proj,3393,784,784,2609,50960.941904384,0,786432.0,524288,524288,4014080,4014080,1605632,1605632,1605632,1605632,4014080,4014080,2932736,802816,"{'B/b': (1, 1), 'OW/ow': (1, 14), 'OH/oh': (1, 14), 'IC/ic': (4, 128), 'OC/oc': (1, 64)}","('OH/oh', 'IC/ic', 'OC/oc', 'OW/ow', 'B/b')",oc,Weight Stationary,2864,2097152.0,1048576.0,2097152.0,0.0,0.0,1
128.0,64.0,1,8,12.5,0.61,0.61,16,16,GoogleNet,inception_4c_1x1,5665,1568,1568,4097,81477.127697408,0,1572864.0,1048576,1048576,8028160,8028160,3211264,1605632,3211264,1605632,8028160,8028160,4259840,1605632,"{'B/b': (1, 1), 'OW/ow': (1, 14), 'OH/oh': (1, 14), 'IC/ic': (4, 128), 'OC/oc': (2, 64)}","('OH/oh', 'IC/ic', 'OC/oc', 'OW/ow', 'B/b')",oc,Weight Stationary,2864,2097152.0,1048576.0,2097152.0,0.0,0.0,1
128.0,64.0,1,8,12.5,0.61,0.61,16,16,GoogleNet,inception_4c_3x3_reduce,5665,1568,1568,4097,81477.127697408,0,1572864.0,1048576,1048576,8028160,8028160,3211264,1605632,3211264,1605632,8028160,8028160,4259840,1605632,"{'B/b': (1, 1), 'OW/ow': (1, 14), 'OH/oh': (1, 14), 'IC/ic': (4, 128), 'OC/oc': (2, 64)}","('OH/oh', 'IC/ic', 'OC/oc', 'OW/ow', 'B/b')",oc,Weight Stationary,2864,2097152.0,1048576.0,2097152.0,0.0,0.0,1
128.0,32.0,2,8,12.5,0.61,0.61,16,16,GoogleNet,inception_4c_3x3,12366,7056,7056,5310,184878.366205952,4718592,0.0,9437184,9437184,32112640,32112640,28901376,589824,28901376,589824,32112640,32112640,8519680,3211264,"{'B/b': (1, 1), 'OW/ow': (1, 14), 'OH/oh': (1, 7), 'IC/ic': (1, 128), 'OC/oc': (8, 32)}","('OH/oh', 'IC/ic', 'OC/oc', 'OW/ow', 'B/b')",of,Weight Stationary,2864,1048576.0,1048576.0,1048576.0,0.0,0.0,1
256.0,32.0,1,8,12.5,0.61,0.61,16,16,GoogleNet,inception_4c_5x5_reduce,2072,392,392,1680,32259.789217344,0,294912.0,196608,196608,903168,903168,1605632,1605632,1605632,1605632,903168,903168,2103296,301056,"{'B/b': (1, 1), 'OW/ow': (1, 14), 'OH/oh': (1, 14), 'IC/ic': (2, 256), 'OC/oc': (1, 24)}","('OH/oh', 'IC/ic', 'OC/oc', 'OW/ow', 'B/b')",oc,Weight Stationary,2864,2097152.0,1048576.0,2097152.0,0.0,0.0,1
128.0,64.0,1,8,12.5,0.61,0.61,16,16,GoogleNet,inception_4c_5x5,2618,980,980,1638,34050.18640288,0,921600.0,614400,614400,4816896,4816896,1881600,124416,1881600,124416,4816896,4816896,1541632,802816,"{'B/b': (1, 1), 'OW/ow': (1, 14), 'OH/oh': (1, 14), 'IC/ic': (1, 24), 'OC/oc': (1, 64)}","('OH/oh', 'IC/ic', 'OC/oc', 'OW/ow', 'B/b')",oc,Weight Stationary,2864,2097152.0,1048576.0,2097152.0,0.0,0.0,1
128.0,64.0,1,8,12.5,0.61,0.61,16,16,GoogleNet,inception_4c_pool_proj,3393,784,784,2609,50960.941904384,0,786432.0,524288,524288,4014080,4014080,1605632,1605632,1605632,1605632,4014080,4014080,2932736,802816,"{'B/b': (1, 1), 'OW/ow': (1, 14), 'OH/oh': (1, 14), 'IC/ic': (4, 128), 'OC/oc': (1, 64)}","('OH/oh', 'IC/ic', 'OC/oc', 'OW/ow', 'B/b')",oc,Weight Stationary,2864,2097152.0,1048576.0,2097152.0,0.0,0.0,1
128.0,64.0,1,8,12.5,0.61,0.61,16,16,GoogleNet,inception_4d_1x1,5294,1568,1568,3726,74377.063108992,0,1376256.0,917504,917504,7024640,7024640,3211264,1605632,3211264,1605632,7024640,7024640,3928064,1404928,"{'B/b': (1, 1), 'OW/ow': (1, 14), 'OH/oh': (1, 14), 'IC/ic': (4, 128), 'OC/oc': (1, 112)}","('OH/oh', 'IC/ic', 'OC/oc', 'OW/ow', 'B/b')",oc,Weight Stationary,2864,2097152.0,1048576.0,2097152.0,0.0,0.0,1
256.0,32.0,1,8,12.5,0.61,0.61,16,16,GoogleNet,inception_4d_3x3_reduce,6429,1960,1960,4469,89983.427307904,0,1769472.0,1179648,1179648,5419008,5419008,8028160,1605632,8028160,1605632,5419008,5419008,4591616,1806336,"{'B/b': (1, 1), 'OW/ow': (1, 14), 'OH/oh': (1, 14), 'IC/ic': (2, 256), 'OC/oc': (1, 144)}","('OH/oh', 'IC/ic', 'OC/oc', 'OW/ow', 'B/b')",oc,Weight Stationary,2864,2097152.0,1048576.0,2097152.0,0.0,0.0,1
128.0,32.0,2,8,12.5,0.61,0.61,16,16,GoogleNet,inception_4d_3x3,15675,9702,9702,5973,223985.516652288,5971968,0.0,11943936,11943936,43352064,43352064,36578304,663552,36578304,663552,43352064,43352064,10248192,3612672,"{'B/b': (1, 1), 'OW/ow': (1, 14), 'OH/oh': (1, 7), 'IC/ic': (1, 144), 'OC/oc': (9, 32)}","('OH/oh', 'IC/ic', 'OC/oc', 'OW/ow', 'B/b')",of,Weight Stationary,2864,1048576.0,1048576.0,1048576.0,0.0,0.0,1
256.0,32.0,1,8,12.5,0.61,0.61,16,16,GoogleNet,inception_4d_5x5_reduce,2258,392,392,1866,35747.624439552004,0,393216.0,262144,262144,1204224,1204224,1605632,1605632,1605632,1605632,1204224,1204224,2269184,401408,"{'B/b': (1, 1), 'OW/ow': (1, 14), 'OH/oh': (1, 14), 'IC/ic': (2, 256), 'OC/oc': (1, 32)}","('OH/oh', 'IC/ic', 'OC/oc', 'OW/ow', 'B/b')",oc,Weight Stationary,2864,2097152.0,1048576.0,2097152.0,0.0,0.0,1
128.0,64.0,1,8,12.5,0.61,0.61,16,16,GoogleNet,inception_4d_5x5,3182,1372,1372,1810,38837.51520384,0,1228800.0,819200,819200,6422528,6422528,2508800,165888,2508800,165888,6422528,6422528,1787904,802816,"{'B/b': (1, 1), 'OW/ow': (1, 14), 'OH/oh': (1, 14), 'IC/ic': (1, 32), 'OC/oc': (1, 64)}","('OH/oh', 'IC/ic', 'OC/oc', 'OW/ow', 'B/b')",oc,Weight Stationary,2864,2097152.0,1048576.0,2097152.0,0.0,0.0,1
128.0,64.0,1,8,12.5,0.61,0.61,16,16,GoogleNet,inception_4d_pool_proj,3393,784,784,2609,50960.941904384,0,786432.0,524288,524288,4014080,4014080,1605632,1605632,1605632,1605632,4014080,4014080,2932736,802816,"{'B/b': (1, 1), 'OW/ow': (1, 14), 'OH/oh': (1, 14), 'IC/ic': (4, 128), 'OC/oc': (1, 64)}","('OH/oh', 'IC/ic', 'OC/oc', 'OW/ow', 'B/b')",oc,Weight Stationary,2864,2097152.0,1048576.0,2097152.0,0.0,0.0,1
64.0,32.0,4,8,12.5,0.61,0.61,16,16,GoogleNet,inception_4e_1x1,9359,3528,3528,5831,152260.818310016,2162688,0.0,8650752,8650752,32112640,32112640,13246464,1655808,13246464,1655808,32112640,32112640,7029760,3211264,"{'B/b': (1, 1), 'OW/ow': (1, 7), 'OH/oh': (1, 7), 'IC/ic': (1, 528), 'OC/oc': (8, 32)}","('OH/oh', 'IC/ic', 'OC/oc', 'OW/ow', 'B/b')",of,Weight Stationary,2864,524288.0,524288.0,524288.0,0.0,0.0,1
64.0,32.0,4,8,12.5,0.61,0.61,16,16,GoogleNet,inception_4e_3x3_reduce,7109,2205,2205,4904,103069.38197120001,1351680,0.0,5406720,5406720,20070400,20070400,8279040,1655808,8279040,1655808,20070400,20070400,5014528,2007040,"{'B/b': (1, 1), 'OW/ow': (1, 7), 'OH/oh': (1, 7), 'IC/ic': (1, 528), 'OC/oc': (5, 32)}","('OH/oh', 'IC/ic', 'OC/oc', 'OW/ow', 'B/b')",of,Weight Stationary,2864,524288.0,524288.0,524288.0,0.0,0.0,1
128.0,32.0,2,8,12.5,0.61,0.61,16,16,GoogleNet,inception_4e_3x3,18397,11760,11760,6637,263492.6933632,7372800,0.0,14745600,14745600,52183040,52183040,45158400,737280,45158400,737280,52183040,52183040,12124160,4014080,"{'B/b': (1, 1), 'OW/ow': (1, 14), 'OH/oh': (1, 7), 'IC/ic': (1, 160), 'OC/oc': (10, 32)}","('OH/oh', 'IC/ic', 'OC/oc', 'OW/ow', 'B/b')",of,Weight Stationary,2864,1048576.0,1048576.0,1048576.0,0.0,0.0,1
64.0,32.0,4,8,12.5,0.61,0.61,16,16,GoogleNet,inception_4e_5x5_reduce,2348,441,441,1907,37480.800186112,270336,0.0,1081344,1081344,4014080,4014080,1655808,1655808,1655808,1655808,4014080,4014080,2327552,401408,"{'B/b': (1, 1), 'OW/ow': (1, 7), 'OH/oh': (1, 7), 'IC/ic': (1, 528), 'OC/oc': (1, 32)}","('OH/oh', 'IC/ic', 'OC/oc', 'OW/ow', 'B/b')",of,Weight Stationary,2864,524288.0,524288.0,524288.0,0.0,0.0,1
64.0,128.0,1,8,12.5,0.61,0.61,16,16,GoogleNet,inception_4e_5x5,6052,2548,2548,3504,77248.62614144,0,2457600.0,1638400,1638400,22478848,22478848,2508800,165888,2508800,165888,22478848,22478848,3409920,1605632,"{'B/b': (1, 1), 'OW/ow': (1, 14), 'OH/oh': (1, 14), 'IC/ic': (1, 32), 'OC/oc': (1, 128)}","('OH/oh', 'IC/ic', 'OC/oc', 'OW/ow', 'B/b')",oc,Weight Stationary,2864,2097152.0,2097152.0,1048576.0,0.0,0.0,1
64.0,128.0,1,8,12.5,0.61,0.61,16,16,GoogleNet,inception_4e_pool_proj,5919,1764,1764,4155,84860.199306112,0,1622016.0,1081344,1081344,16056320,16056320,1655808,1655808,1655808,1655808,16056320,16056320,4342784,1605632,"{'B/b': (1, 1), 'OW/ow': (1, 14), 'OH/oh': (1, 14), 'IC/ic': (1, 528), 'OC/oc': (1, 128)}","('OH/oh', 'IC/ic', 'OC/oc', 'OW/ow', 'B/b')",oc,Weight Stationary,2864,2097152.0,2097152.0,1048576.0,0.0,0.0,1
64.0,32.0,4,8,12.5,0.61,0.61,16,16,GoogleNet,inception_5a_1x1,4441,1664,1664,2777,93393.63571302399,3407872,0.0,13631488,13631488,14680064,14680064,6815744,851968,6815744,851968,14680064,14680064,5308416,1048576,"{'B/b': (1, 1), 'OW/ow': (1, 4), 'OH/oh': (1, 4), 'IC/ic': (13, 64), 'OC/oc': (8, 32)}","('OH/oh', 'IC/ic', 'OC/oc', 'OW/ow', 'B/b')",of,Weight Stationary,2864,524288.0,524288.0,524288.0,0.0,0.0,1
64.0,32.0,4,8,12.5,0.61,0.61,16,16,GoogleNet,inception_5a_3x3_reduce,2999,1040,1040,1959,62439.111546880005,2129920,0.0,8519680,8519680,9175040,9175040,4259840,851968,4259840,851968,9175040,9175040,3637248,655360,"{'B/b': (1, 1), 'OW/ow': (1, 4), 'OH/oh': (1, 4), 'IC/ic': (13, 64), 'OC/oc': (5, 32)}","('OH/oh', 'IC/ic', 'OC/oc', 'OW/ow', 'B/b')",of,Weight Stationary,2864,524288.0,524288.0,524288.0,0.0,0.0,1
128.0,32.0,2,8,12.5,0.61,0.61,16,16,GoogleNet,inception_5a_3x3,6944,3360,3360,3584,146219.4012992,7372800,0.0,14745600,14745600,14909440,14909440,12902400,276480,12902400,276480,14909440,14909440,8796160,1146880,"{'B/b': (1, 1), 'OW/ow': (1, 7), 'OH/oh': (1, 4), 'IC/ic': (1, 160), 'OC/oc': (10, 32)}","('OH/oh', 'IC/ic', 'OC/oc', 'OW/ow', 'B/b')",of,Weight Stationary,2864,1048576.0,1048576.0,1048576.0,0.0,0.0,1
256.0,32.0,1,8,12.5,0.61,0.61,16,16,GoogleNet,inception_5a_5x5_reduce,1091,196,196,895,17348.002864832,0,638976.0,425984,425984,501760,501760,652288,652288,652288,652288,501760,501760,1178624,100352,"{'B/b': (1, 1), 'OW/ow': (1, 7), 'OH/oh': (1, 7), 'IC/ic': (1, 832), 'OC/oc': (1, 32)}","('OH/oh', 'IC/ic', 'OC/oc', 'OW/ow', 'B/b')",oc,Weight Stationary,2864,2097152.0,1048576.0,2097152.0,0.0,0.0,1
64.0,128.0,1,8,12.5,0.61,0.61,16,16,GoogleNet,inception_5a_5x5,2386,637,637,1749,36180.549252159995,0,2457600.0,1638400,1638400,5619712,5619712,627200,61952,627200,61952,5619712,5619712,2101760,401408,"{'B/b': (1, 1), 'OW/ow': (1, 7), 'OH/oh': (1, 7), 'IC/ic': (1, 32), 'OC/oc': (1, 128)}","('OH/oh', 'IC/ic', 'OC/oc', 'OW/ow', 'B/b')",oc,Weight Stationary,2864,2097152.0,2097152.0,1048576.0,0.0,0.0,1
64.0,128.0,1,8,12.5,0.61,0.61,16,16,GoogleNet,inception_5a_pool_proj,2844,637,637,2207,44592.300677888,0,2555904.0,1703936,1703936,5619712,5619712,652288,652288,652288,652288,5619712,5619712,2757632,401408,"{'B/b': (1, 1), 'OW/ow': (1, 7), 'OH/oh': (1, 7), 'IC/ic': (13, 64), 'OC/oc': (1, 128)}","('OH/oh', 'IC/ic', 'OC/oc', 'OW/ow', 'B/b')",oc,Weight Stationary,2864,2097152.0,2097152.0,1048576.0,0.0,0.0,1
128.0,32.0,2,8,12.5,0.61,0.61,16,16,GoogleNet,inception_5b_1x1,6014,2352,2352,3662,123209.47450572801,5111808,0.0,10223616,10223616,11010048,11010048,8945664,745472,8945664,745472,11010048,11010048,7233536,1376256,"{'B/b': (1, 1), 'OW/ow': (1, 7), 'OH/oh': (1, 4), 'IC/ic': (1, 832), 'OC/oc': (6, 64)}","('OH/oh', 'IC/ic', 'OC/oc', 'OW/ow', 'B/b')",of,Weight Stationary,2864,1048576.0,1048576.0,1048576.0,0.0,0.0,1
64.0,32.0,4,8,12.5,0.61,0.61,16,16,GoogleNet,inception_5b_3x3_reduce,3480,1248,1248,2232,72757.286268928,2555904,0.0,10223616,10223616,11010048,11010048,5111808,851968,5111808,851968,11010048,11010048,4194304,786432,"{'B/b': (1, 1), 'OW/ow': (1, 4), 'OH/oh': (1, 4), 'IC/ic': (13, 64), 'OC/oc': (6, 32)}","('OH/oh', 'IC/ic', 'OC/oc', 'OW/ow', 'B/b')",of,Weight Stationary,2864,524288.0,524288.0,524288.0,0.0,0.0,1
128.0,64.0,1,8,12.5,0.61,0.61,16,16,GoogleNet,inception_5b_3x3,9271,4116,4116,5155,193360.102290816,0,15925248.0,10616832,10616832,18063360,18063360,8128512,248832,8128512,248832,18063360,18063360,12069888,1204224,"{'B/b': (1, 1), 'OW/ow': (1, 7), 'OH/oh': (1, 7), 'IC/ic': (1, 192), 'OC/oc': (6, 64)}","('OH/oh', 'IC/ic', 'OC/oc', 'OW/ow', 'B/b')",oc,Weight Stationary,2864,2097152.0,1048576.0,2097152.0,0.0,0.0,1
128.0,64.0,1,8,12.5,0.61,0.61,16,16,GoogleNet,inception_5b_5x5_reduce,1456,343,343,1113,21985.396363008,0,958464.0,638976,638976,1204224,1204224,652288,652288,652288,652288,1204224,1204224,1441792,150528,"{'B/b': (1, 1), 'OW/ow': (1, 7), 'OH/oh': (1, 7), 'IC/ic': (1, 832), 'OC/oc': (1, 48)}","('OH/oh', 'IC/ic', 'OC/oc', 'OW/ow', 'B/b')",oc,Weight Stationary,2864,2097152.0,1048576.0,2097152.0,0.0,0.0,1
64.0,32.0,4,8,12.5,0.61,0.61,16,16,GoogleNet,inception_5b_5x5,2587,1536,1536,1051,57670.28015104,2457600,0.0,9830400,9830400,13107200,13107200,4915200,196608,4915200,196608,13107200,13107200,3178496,524288,"{'B/b': (1, 1), 'OW/ow': (1, 4), 'OH/oh': (1, 4), 'IC/ic': (24, 2), 'OC/oc': (4, 32)}","('OH/oh', 'IC/ic', 'OC/oc', 'OW/ow', 'B/b')",of,Weight Stationary,2864,524288.0,524288.0,524288.0,0.0,0.0,1
64.0,128.0,1,8,12.5,0.61,0.61,16,16,GoogleNet,inception_5b_pool_proj,2844,637,637,2207,44592.300677888,0,2555904.0,1703936,1703936,5619712,5619712,652288,652288,652288,652288,5619712,5619712,2757632,401408,"{'B/b': (1, 1), 'OW/ow': (1, 7), 'OH/oh': (1, 7), 'IC/ic': (13, 64), 'OC/oc': (1, 128)}","('OH/oh', 'IC/ic', 'OC/oc', 'OW/ow', 'B/b')",oc,Weight Stationary,2864,2097152.0,2097152.0,1048576.0,0.0,0.0,1
128.0,64.0,1,8,12.5,0.61,0.61,16,16,GoogleNet,fc,11543,128,128,11415,223767.48030344,0,24576000.0,16384000,16384000,576000,576000,262144,16384,262144,16384,576000,576000,16464384,64000,"{'B/b': (1, 1), 'OW/ow': (1, 1), 'OH/oh': (1, 1), 'IC/ic': (2, 512), 'OC/oc': (1, 1000)}","('OH/oh', 'IC/ic', 'OC/oc', 'OW/ow', 'B/b')",oc,Weight Stationary,2864,2097152.0,1048576.0,2097152.0,0.0,0.0,1
256.0,32.0,1,8,12.5,0.61,0.61,16,16,RESNET-50,conv1,73855,25088,25088,48767,1425164.000018598,0,225792.0,1053696,150528,102760448,102760448,59006976,2846928,59006976,2846928,102760448,102760448,54377680,51380224,"{'B/b': (1, 1), 'OW/ow': (7, 16), 'OH/oh': (1, 112), 'IC/ic': (1, 3), 'OC/oc': (2, 32)}","('OH/oh', 'IC/ic', 'OC/oc', 'OW/ow', 'B/b')",oc,Weight Stationary,2864,2097152.0,1048576.0,2097152.0,0.0,0.0,1
64.0,64.0,2,8,12.5,0.61,0.61,16,16,RESNET-50,conv2_1_a,20229,1568,1568,18661,375138.229407744,65536,0.0,1835008,131072,25690112,25690112,3211264,3211264,3211264,3211264,25690112,25690112,16121856,12845056,"{'B/b': (1, 1), 'OW/ow': (14, 4), 'OH/oh': (1, 28), 'IC/ic': (1, 64), 'OC/oc': (1, 64)}","('OH/oh', 'IC/ic', 'OC/oc', 'OW/ow', 'B/b')",of,Weight Stationary,2864,1048576.0,1048576.0,1048576.0,0.0,0.0,1
128.0,64.0,1,8,12.5,0.61,0.61,16,16,RESNET-50,conv2_1_b,21559,15680,15680,5879,447181.542408704,0,884736.0,4128768,589824,77070336,77070336,28901376,4157440,28901376,4157440,77070336,77070336,17592320,12845056,"{'B/b': (1, 1), 'OW/ow': (7, 8), 'OH/oh': (1, 56), 'IC/ic': (1, 64), 'OC/oc': (1, 64)}","('OH/oh', 'IC/ic', 'OC/oc', 'OW/ow', 'B/b')",oc,Weight Stationary,2864,2097152.0,1048576.0,2097152.0,0.0,0.0,1
64.0,128.0,1,8,12.5,0.61,0.61,16,16,RESNET-50,conv2_1_c,74187,6272,6272,67915,1375414.415253504,0,393216.0,1835008,262144,102760448,102760448,6422528,3211264,6422528,3211264,102760448,102760448,54853632,51380224,"{'B/b': (1, 1), 'OW/ow': (7, 8), 'OH/oh': (1, 56), 'IC/ic': (1, 64), 'OC/oc': (2, 128)}","('OH/oh', 'IC/ic', 'OC/oc', 'OW/ow', 'B/b')",oc,Weight Stationary,2864,2097152.0,2097152.0,1048576.0,0.0,0.0,1
128.0,64.0,1,8,12.5,0.61,0.61,16,16,RESNET-50,conv2_2_a,27094,6272,6272,20822,517149.198639104,0,393216.0,1835008,262144,38535168,38535168,12845056,12845056,12845056,12845056,38535168,38535168,25952256,12845056,"{'B/b': (1, 1), 'OW/ow': (7, 8), 'OH/oh': (1, 56), 'IC/ic': (1, 256), 'OC/oc': (1, 64)}","('OH/oh', 'IC/ic', 'OC/oc', 'OW/ow', 'B/b')",oc,Weight Stationary,2864,2097152.0,1048576.0,2097152.0,0.0,0.0,1
128.0,64.0,1,8,12.5,0.61,0.61,16,16,RESNET-50,conv2_2_b,21559,15680,15680,5879,447181.542408704,0,884736.0,4128768,589824,77070336,77070336,28901376,4157440,28901376,4157440,77070336,77070336,17592320,12845056,"{'B/b': (1, 1), 'OW/ow': (7, 8), 'OH/oh': (1, 56), 'IC/ic': (1, 64), 'OC/oc': (1, 64)}","('OH/oh', 'IC/ic', 'OC/oc', 'OW/ow', 'B/b')",oc,Weight Stationary,2864,2097152.0,1048576.0,2097152.0,0.0,0.0,1
64.0,128.0,1,8,12.5,0.61,0.61,16,16,RESNET-50,conv2_2_c,74187,6272,6272,67915,1375414.415253504,0,393216.0,1835008,262144,102760448,102760448,6422528,3211264,6422528,3211264,102760448,102760448,54853632,51380224,"{'B/b': (1, 1), 'OW/ow': (7, 8), 'OH/oh': (1, 56), 'IC/ic': (1, 64), 'OC/oc': (2, 128)}","('OH/oh', 'IC/ic', 'OC/oc', 'OW/ow', 'B/b')",oc,Weight Stationary,2864,2097152.0,2097152.0,1048576.0,0.0,0.0,1
128.0,64.0,1,8,12.5,0.61,0.61,16,16,RESNET-50,conv2_3_a,27094,6272,6272,20822,517149.198639104,0,393216.0,1835008,262144,38535168,38535168,12845056,12845056,12845056,12845056,38535168,38535168,25952256,12845056,"{'B/b': (1, 1), 'OW/ow': (7, 8), 'OH/oh': (1, 56), 'IC/ic': (1, 256), 'OC/oc': (1, 64)}","('OH/oh', 'IC/ic', 'OC/oc', 'OW/ow', 'B/b')",oc,Weight Stationary,2864,2097152.0,1048576.0,2097152.0,0.0,0.0,1
128.0,64.0,1,8,12.5,0.61,0.61,16,16,RESNET-50,conv2_3_b,21559,15680,15680,5879,447181.542408704,0,884736.0,4128768,589824,77070336,77070336,28901376,4157440,28901376,4157440,77070336,77070336,17592320,12845056,"{'B/b': (1, 1), 'OW/ow': (7, 8), 'OH/oh': (1, 56), 'IC/ic': (1, 64), 'OC/oc': (1, 64)}","('OH/oh', 'IC/ic', 'OC/oc', 'OW/ow', 'B/b')",oc,Weight Stationary,2864,2097152.0,1048576.0,2097152.0,0.0,0.0,1
64.0,128.0,1,8,12.5,0.61,0.61,16,16,RESNET-50,conv2_3_c,74187,6272,6272,67915,1375414.415253504,0,393216.0,1835008,262144,102760448,102760448,6422528,3211264,6422528,3211264,102760448,102760448,54853632,51380224,"{'B/b': (1, 1), 'OW/ow': (7, 8), 'OH/oh': (1, 56), 'IC/ic': (1, 64), 'OC/oc': (2, 128)}","('OH/oh', 'IC/ic', 'OC/oc', 'OW/ow', 'B/b')",oc,Weight Stationary,2864,2097152.0,2097152.0,1048576.0,0.0,0.0,1
128.0,64.0,1,8,12.5,0.61,0.61,16,16,RESNET-50,conv3_1_a,11580,3136,3136,8444,236684.61941145602,0,786432.0,411041792,524288,19267584,19267584,6422528,3211264,6422528,3211264,19267584,19267584,10158080,6422528,"{'B/b': (1, 1), 'OW/ow': (28, 1), 'OH/oh': (28, 1), 'IC/ic': (2, 128), 'OC/oc': (2, 64)}","('OH/oh', 'IC/ic', 'OC/oc', 'OW/ow', 'B/b')",oc,Weight Stationary,2864,2097152.0,1048576.0,2097152.0,0.0,0.0,1
128.0,64.0,1,8,12.5,0.61,0.61,16,16,RESNET-50,conv3_1_b,17346,14112,14112,3234,403919.282876416,0,3538944.0,924844032,2359296,64225280,64225280,28901376,9633792,28901376,9633792,64225280,64225280,18415616,6422528,"{'B/b': (1, 1), 'OW/ow': (14, 2), 'OH/oh': (28, 1), 'IC/ic': (1, 128), 'OC/oc': (2, 64)}","('OH/oh', 'IC/ic', 'OC/oc', 'OW/ow', 'B/b')",oc,Weight Stationary,2864,2097152.0,1048576.0,2097152.0,0.0,0.0,1
128.0,64.0,1,8,12.5,0.61,0.61,16,16,RESNET-50,conv3_1_c,37735,6272,6272,31463,709719.2598855679,0,1572864.0,1048576,1048576,51380224,51380224,12845056,1605632,12845056,1605632,51380224,51380224,28344320,25690112,"{'B/b': (1, 1), 'OW/ow': (1, 28), 'OH/oh': (1, 28), 'IC/ic': (1, 128), 'OC/oc': (8, 64)}","('OH/oh', 'IC/ic', 'OC/oc', 'OW/ow', 'B/b')",oc,Weight Stationary,2864,2097152.0,1048576.0,2097152.0,0.0,0.0,1
128.0,64.0,1,8,12.5,0.61,0.61,16,16,RESNET-50,conv3_2_a,14188,6272,6272,7916,283603.145117696,0,1572864.0,7340032,1048576,32112640,32112640,12845056,6422528,12845056,6422528,32112640,32112640,13893632,6422528,"{'B/b': (1, 1), 'OW/ow': (7, 4), 'OH/oh': (1, 28), 'IC/ic': (1, 512), 'OC/oc': (1, 128)}","('OH/oh', 'IC/ic', 'OC/oc', 'OW/ow', 'B/b')",oc,Weight Stationary,2864,2097152.0,1048576.0,2097152.0,0.0,0.0,1
128.0,64.0,1,8,12.5,0.61,0.61,16,16,RESNET-50,conv3_2_b,17346,14112,14112,3234,403919.282876416,0,3538944.0,924844032,2359296,64225280,64225280,28901376,9633792,28901376,9633792,64225280,64225280,18415616,6422528,"{'B/b': (1, 1), 'OW/ow': (14, 2), 'OH/oh': (28, 1), 'IC/ic': (1, 128), 'OC/oc': (2, 64)}","('OH/oh', 'IC/ic', 'OC/oc', 'OW/ow', 'B/b')",oc,Weight Stationary,2864,2097152.0,1048576.0,2097152.0,0.0,0.0,1
128.0,64.0,1,8,12.5,0.61,0.61,16,16,RESNET-50,conv3_2_c,37735,6272,6272,31463,709719.2598855679,0,1572864.0,1048576,1048576,51380224,51380224,12845056,1605632,12845056,1605632,51380224,51380224,28344320,25690112,"{'B/b': (1, 1), 'OW/ow': (1, 28), 'OH/oh': (1, 28), 'IC/ic': (1, 128), 'OC/oc': (8, 64)}","('OH/oh', 'IC/ic', 'OC/oc', 'OW/ow', 'B/b')",oc,Weight Stationary,2864,2097152.0,1048576.0,2097152.0,0.0,0.0,1
128.0,64.0,1,8,12.5,0.61,0.61,16,16,RESNET-50,conv3_3_a,14188,6272,6272,7916,283603.145117696,0,1572864.0,7340032,1048576,32112640,32112640,12845056,6422528,12845056,6422528,32112640,32112640,13893632,6422528,"{'B/b': (1, 1), 'OW/ow': (7, 4), 'OH/oh': (1, 28), 'IC/ic': (1, 512), 'OC/oc': (1, 128)}","('OH/oh', 'IC/ic', 'OC/oc', 'OW/ow', 'B/b')",oc,Weight Stationary,2864,2097152.0,1048576.0,2097152.0,0.0,0.0,1
128.0,64.0,1,8,12.5,0.61,0.61,16,16,RESNET-50,conv3_3_b,17346,14112,14112,3234,403919.282876416,0,3538944.0,924844032,2359296,64225280,64225280,28901376,9633792,28901376,9633792,64225280,64225280,18415616,6422528,"{'B/b': (1, 1), 'OW/ow': (14, 2), 'OH/oh': (28, 1), 'IC/ic': (1, 128), 'OC/oc': (2, 64)}","('OH/oh', 'IC/ic', 'OC/oc', 'OW/ow', 'B/b')",oc,Weight Stationary,2864,2097152.0,1048576.0,2097152.0,0.0,0.0,1
128.0,64.0,1,8,12.5,0.61,0.61,16,16,RESNET-50,conv3_3_c,37735,6272,6272,31463,709719.2598855679,0,1572864.0,1048576,1048576,51380224,51380224,12845056,1605632,12845056,1605632,51380224,51380224,28344320,25690112,"{'B/b': (1, 1), 'OW/ow': (1, 28), 'OH/oh': (1, 28), 'IC/ic': (1, 128), 'OC/oc': (8, 64)}","('OH/oh', 'IC/ic', 'OC/oc', 'OW/ow', 'B/b')",oc,Weight Stationary,2864,2097152.0,1048576.0,2097152.0,0.0,0.0,1
128.0,64.0,1,8,12.5,0.61,0.61,16,16,RESNET-50,conv3_4_a,14188,6272,6272,7916,283603.145117696,0,1572864.0,7340032,1048576,32112640,32112640,12845056,6422528,12845056,6422528,32112640,32112640,13893632,6422528,"{'B/b': (1, 1), 'OW/ow': (7, 4), 'OH/oh': (1, 28), 'IC/ic': (1, 512), 'OC/oc': (1, 128)}","('OH/oh', 'IC/ic', 'OC/oc', 'OW/ow', 'B/b')",oc,Weight Stationary,2864,2097152.0,1048576.0,2097152.0,0.0,0.0,1
128.0,64.0,1,8,12.5,0.61,0.61,16,16,RESNET-50,conv3_4_b,17346,14112,14112,3234,403919.282876416,0,3538944.0,924844032,2359296,64225280,64225280,28901376,9633792,28901376,9633792,64225280,64225280,18415616,6422528,"{'B/b': (1, 1), 'OW/ow': (14, 2), 'OH/oh': (28, 1), 'IC/ic': (1, 128), 'OC/oc': (2, 64)}","('OH/oh', 'IC/ic', 'OC/oc', 'OW/ow', 'B/b')",oc,Weight Stationary,2864,2097152.0,1048576.0,2097152.0,0.0,0.0,1
128.0,64.0,1,8,12.5,0.61,0.61,16,16,RESNET-50,conv3_4_c,37735,6272,6272,31463,709719.2598855679,0,1572864.0,1048576,1048576,51380224,51380224,12845056,1605632,12845056,1605632,51380224,51380224,28344320,25690112,"{'B/b': (1, 1), 'OW/ow': (1, 28), 'OH/oh': (1, 28), 'IC/ic': (1, 128), 'OC/oc': (8, 64)}","('OH/oh', 'IC/ic', 'OC/oc', 'OW/ow', 'B/b')",oc,Weight Stationary,2864,2097152.0,1048576.0,2097152.0,0.0,0.0,1
64.0,32.0,4,8,12.5,0.61,0.61,16,16,RESNET-50,conv4_1_a,9207,3136,3136,6071,169009.146677248,2408448,3145728.0,205520896,2097152,28901376,28901376,12845056,9633792,12845056,9633792,28901376,28901376,7716864,3211264,"{'B/b': (1, 1), 'OW/ow': (7, 2), 'OH/oh': (14, 1), 'IC/ic': (8, 64), 'OC/oc': (2, 32)}","('OH/oh', 'IC/ic', 'OC/oc', 'OW/ow', 'B/b')",oc,Weight Stationary,2864,524288.0,524288.0,524288.0,0.0,0.0,1
256.0,32.0,1,8,12.5,0.61,0.61,16,16,RESNET-50,conv4_1_b,20154,14112,14112,6042,279786.301243392,0,14155776.0,9437184,9437184,32112640,32112640,57802752,1048576,57802752,1048576,32112640,32112640,13697024,3211264,"{'B/b': (1, 1), 'OW/ow': (1, 14), 'OH/oh': (1, 14), 'IC/ic': (1, 256), 'OC/oc': (8, 32)}","('OH/oh', 'IC/ic', 'OC/oc', 'OW/ow', 'B/b')",oc,Weight Stationary,2864,2097152.0,1048576.0,2097152.0,0.0,0.0,1
128.0,64.0,1,8,12.5,0.61,0.61,16,16,RESNET-50,conv4_1_c,21431,6272,6272,15159,416905.37070387206,0,6291456.0,4194304,4194304,38535168,38535168,12845056,802816,12845056,802816,38535168,38535168,17842176,12845056,"{'B/b': (1, 1), 'OW/ow': (1, 14), 'OH/oh': (1, 14), 'IC/ic': (1, 256), 'OC/oc': (16, 64)}","('OH/oh', 'IC/ic', 'OC/oc', 'OW/ow', 'B/b')",oc,Weight Stationary,2864,2097152.0,1048576.0,2097152.0,0.0,0.0,1
64.0,32.0,4,8,12.5,0.61,0.61,16,16,RESNET-50,conv4_2_a,13184,6272,6272,6912,216383.468873728,4194304,0.0,16777216,16777216,54591488,54591488,25690112,3211264,25690112,3211264,54591488,54591488,10616832,3211264,"{'B/b': (1, 1), 'OW/ow': (1, 7), 'OH/oh': (1, 7), 'IC/ic': (16, 64), 'OC/oc': (8, 32)}","('OH/oh', 'IC/ic', 'OC/oc', 'OW/ow', 'B/b')",of,Weight Stationary,2864,524288.0,524288.0,524288.0,0.0,0.0,1
256.0,32.0,1,8,12.5,0.61,0.61,16,16,RESNET-50,conv4_2_b,20154,14112,14112,6042,279786.301243392,0,14155776.0,9437184,9437184,32112640,32112640,57802752,1048576,57802752,1048576,32112640,32112640,13697024,3211264,"{'B/b': (1, 1), 'OW/ow': (1, 14), 'OH/oh': (1, 14), 'IC/ic': (1, 256), 'OC/oc': (8, 32)}","('OH/oh', 'IC/ic', 'OC/oc', 'OW/ow', 'B/b')",oc,Weight Stationary,2864,2097152.0,1048576.0,2097152.0,0.0,0.0,1
128.0,64.0,1,8,12.5,0.61,0.61,16,16,RESNET-50,conv4_2_c,21431,6272,6272,15159,416905.37070387206,0,6291456.0,4194304,4194304,38535168,38535168,12845056,802816,12845056,802816,38535168,38535168,17842176,12845056,"{'B/b': (1, 1), 'OW/ow': (1, 14), 'OH/oh': (1, 14), 'IC/ic': (1, 256), 'OC/oc': (16, 64)}","('OH/oh', 'IC/ic', 'OC/oc', 'OW/ow', 'B/b')",oc,Weight Stationary,2864,2097152.0,1048576.0,2097152.0,0.0,0.0,1
64.0,32.0,4,8,12.5,0.61,0.61,16,16,RESNET-50,conv4_3_a,13184,6272,6272,6912,216383.468873728,4194304,0.0,16777216,16777216,54591488,54591488,25690112,3211264,25690112,3211264,54591488,54591488,10616832,3211264,"{'B/b': (1, 1), 'OW/ow': (1, 7), 'OH/oh': (1, 7), 'IC/ic': (16, 64), 'OC/oc': (8, 32)}","('OH/oh', 'IC/ic', 'OC/oc', 'OW/ow', 'B/b')",of,Weight Stationary,2864,524288.0,524288.0,524288.0,0.0,0.0,1
256.0,32.0,1,8,12.5,0.61,0.61,16,16,RESNET-50,conv4_3_b,20154,14112,14112,6042,279786.301243392,0,14155776.0,9437184,9437184,32112640,32112640,57802752,1048576,57802752,1048576,32112640,32112640,13697024,3211264,"{'B/b': (1, 1), 'OW/ow': (1, 14), 'OH/oh': (1, 14), 'IC/ic': (1, 256), 'OC/oc': (8, 32)}","('OH/oh', 'IC/ic', 'OC/oc', 'OW/ow', 'B/b')",oc,Weight Stationary,2864,2097152.0,1048576.0,2097152.0,0.0,0.0,1
128.0,64.0,1,8,12.5,0.61,0.61,16,16,RESNET-50,conv4_3_c,21431,6272,6272,15159,416905.37070387206,0,6291456.0,4194304,4194304,38535168,38535168,12845056,802816,12845056,802816,38535168,38535168,17842176,12845056,"{'B/b': (1, 1), 'OW/ow': (1, 14), 'OH/oh': (1, 14), 'IC/ic': (1, 256), 'OC/oc': (16, 64)}","('OH/oh', 'IC/ic', 'OC/oc', 'OW/ow', 'B/b')",oc,Weight Stationary,2864,2097152.0,1048576.0,2097152.0,0.0,0.0,1
64.0,32.0,4,8,12.5,0.61,0.61,16,16,RESNET-50,conv4_4_a,13184,6272,6272,6912,216383.468873728,4194304,0.0,16777216,16777216,54591488,54591488,25690112,3211264,25690112,3211264,54591488,54591488,10616832,3211264,"{'B/b': (1, 1), 'OW/ow': (1, 7), 'OH/oh': (1, 7), 'IC/ic': (16, 64), 'OC/oc': (8, 32)}","('OH/oh', 'IC/ic', 'OC/oc', 'OW/ow', 'B/b')",of,Weight Stationary,2864,524288.0,524288.0,524288.0,0.0,0.0,1
256.0,32.0,1,8,12.5,0.61,0.61,16,16,RESNET-50,conv4_4_b,20154,14112,14112,6042,279786.301243392,0,14155776.0,9437184,9437184,32112640,32112640,57802752,1048576,57802752,1048576,32112640,32112640,13697024,3211264,"{'B/b': (1, 1), 'OW/ow': (1, 14), 'OH/oh': (1, 14), 'IC/ic': (1, 256), 'OC/oc': (8, 32)}","('OH/oh', 'IC/ic', 'OC/oc', 'OW/ow', 'B/b')",oc,Weight Stationary,2864,2097152.0,1048576.0,2097152.0,0.0,0.0,1
128.0,64.0,1,8,12.5,0.61,0.61,16,16,RESNET-50,conv4_4_c,21431,6272,6272,15159,416905.37070387206,0,6291456.0,4194304,4194304,38535168,38535168,12845056,802816,12845056,802816,38535168,38535168,17842176,12845056,"{'B/b': (1, 1), 'OW/ow': (1, 14), 'OH/oh': (1, 14), 'IC/ic': (1, 256), 'OC/oc': (16, 64)}","('OH/oh', 'IC/ic', 'OC/oc', 'OW/ow', 'B/b')",oc,Weight Stationary,2864,2097152.0,1048576.0,2097152.0,0.0,0.0,1
64.0,32.0,4,8,12.5,0.61,0.61,16,16,RESNET-50,conv4_5_a,13184,6272,6272,6912,216383.468873728,4194304,0.0,16777216,16777216,54591488,54591488,25690112,3211264,25690112,3211264,54591488,54591488,10616832,3211264,"{'B/b': (1, 1), 'OW/ow': (1, 7), 'OH/oh': (1, 7), 'IC/ic': (16, 64), 'OC/oc': (8, 32)}","('OH/oh', 'IC/ic', 'OC/oc', 'OW/ow', 'B/b')",of,Weight Stationary,2864,524288.0,524288.0,524288.0,0.0,0.0,1
256.0,32.0,1,8,12.5,0.61,0.61,16,16,RESNET-50,conv4_5_b,20154,14112,14112,6042,279786.301243392,0,14155776.0,9437184,9437184,32112640,32112640,57802752,1048576,57802752,1048576,32112640,32112640,13697024,3211264,"{'B/b': (1, 1), 'OW/ow': (1, 14), 'OH/oh': (1, 14), 'IC/ic': (1, 256), 'OC/oc': (8, 32)}","('OH/oh', 'IC/ic', 'OC/oc', 'OW/ow', 'B/b')",oc,Weight Stationary,2864,2097152.0,1048576.0,2097152.0,0.0,0.0,1
128.0,64.0,1,8,12.5,0.61,0.61,16,16,RESNET-50,conv4_5_c,21431,6272,6272,15159,416905.37070387206,0,6291456.0,4194304,4194304,38535168,38535168,12845056,802816,12845056,802816,38535168,38535168,17842176,12845056,"{'B/b': (1, 1), 'OW/ow': (1, 14), 'OH/oh': (1, 14), 'IC/ic': (1, 256), 'OC/oc': (16, 64)}","('OH/oh', 'IC/ic', 'OC/oc', 'OW/ow', 'B/b')",oc,Weight Stationary,2864,2097152.0,1048576.0,2097152.0,0.0,0.0,1
64.0,32.0,4,8,12.5,0.61,0.61,16,16,RESNET-50,conv4_6_a,13184,6272,6272,6912,216383.468873728,4194304,0.0,16777216,16777216,54591488,54591488,25690112,3211264,25690112,3211264,54591488,54591488,10616832,3211264,"{'B/b': (1, 1), 'OW/ow': (1, 7), 'OH/oh': (1, 7), 'IC/ic': (16, 64), 'OC/oc': (8, 32)}","('OH/oh', 'IC/ic', 'OC/oc', 'OW/ow', 'B/b')",of,Weight Stationary,2864,524288.0,524288.0,524288.0,0.0,0.0,1
256.0,32.0,1,8,12.5,0.61,0.61,16,16,RESNET-50,conv4_6_b,20154,14112,14112,6042,279786.301243392,0,14155776.0,9437184,9437184,32112640,32112640,57802752,1048576,57802752,1048576,32112640,32112640,13697024,3211264,"{'B/b': (1, 1), 'OW/ow': (1, 14), 'OH/oh': (1, 14), 'IC/ic': (1, 256), 'OC/oc': (8, 32)}","('OH/oh', 'IC/ic', 'OC/oc', 'OW/ow', 'B/b')",oc,Weight Stationary,2864,2097152.0,1048576.0,2097152.0,0.0,0.0,1
128.0,64.0,1,8,12.5,0.61,0.61,16,16,RESNET-50,conv4_6_c,21431,6272,6272,15159,416905.37070387206,0,6291456.0,4194304,4194304,38535168,38535168,12845056,802816,12845056,802816,38535168,38535168,17842176,12845056,"{'B/b': (1, 1), 'OW/ow': (1, 14), 'OH/oh': (1, 14), 'IC/ic': (1, 256), 'OC/oc': (16, 64)}","('OH/oh', 'IC/ic', 'OC/oc', 'OW/ow', 'B/b')",oc,Weight Stationary,2864,2097152.0,1048576.0,2097152.0,0.0,0.0,1
128.0,32.0,2,8,12.5,0.61,0.61,16,16,RESNET-50,conv5_1_a,9063,3584,3584,5479,201820.088377344,8388608,0.0,469762048,16777216,16515072,16515072,14680064,917504,14680064,917504,16515072,16515072,11141120,1835008,"{'B/b': (1, 1), 'OW/ow': (7, 1), 'OH/oh': (4, 1), 'IC/ic': (8, 128), 'OC/oc': (16, 32)}","('IC/ic', 'OC/oc', 'OW/ow', 'B/b', 'OH/oh')",of,Weight Stationary,2864,1048576.0,1048576.0,1048576.0,0.0,0.0,1
128.0,64.0,1,8,12.5,0.61,0.61,16,16,RESNET-50,conv5_1_b,29068,14112,14112,14956,615272.9533972479,0,56623104.0,37748736,37748736,59408384,59408384,28901376,663552,28901376,663552,59408384,59408384,40017920,1605632,"{'B/b': (1, 1), 'OW/ow': (1, 7), 'OH/oh': (1, 7), 'IC/ic': (4, 128), 'OC/oc': (2, 256)}","('OH/oh', 'IC/ic', 'OC/oc', 'OW/ow', 'B/b')",oc,Weight Stationary,2864,2097152.0,1048576.0,2097152.0,0.0,0.0,1
128.0,64.0,1,8,12.5,0.61,0.61,16,16,RESNET-50,conv5_1_c,20967,6272,6272,14695,419302.68129996804,0,25165824.0,16777216,16777216,32112640,32112640,12845056,401408,12845056,401408,32112640,32112640,23601152,6422528,"{'B/b': (1, 1), 'OW/ow': (1, 7), 'OH/oh': (1, 7), 'IC/ic': (1, 512), 'OC/oc': (2, 1024)}","('OH/oh', 'IC/ic', 'OC/oc', 'OW/ow', 'B/b')",oc,Weight Stationary,2864,2097152.0,1048576.0,2097152.0,0.0,0.0,1
128.0,64.0,1,8,12.5,0.61,0.61,16,16,RESNET-50,conv5_2_a,15081,6272,6272,8809,312721.118655488,0,25165824.0,16777216,16777216,27295744,27295744,12845056,1605632,12845056,1605632,27295744,27295744,19988480,1605632,"{'B/b': (1, 1), 'OW/ow': (1, 7), 'OH/oh': (1, 7), 'IC/ic': (16, 128), 'OC/oc': (8, 64)}","('OH/oh', 'IC/ic', 'OC/oc', 'OW/ow', 'B/b')",oc,Weight Stationary,2864,2097152.0,1048576.0,2097152.0,0.0,0.0,1
128.0,64.0,1,8,12.5,0.61,0.61,16,16,RESNET-50,conv5_2_b,29068,14112,14112,14956,615272.9533972479,0,56623104.0,37748736,37748736,59408384,59408384,28901376,663552,28901376,663552,59408384,59408384,40017920,1605632,"{'B/b': (1, 1), 'OW/ow': (1, 7), 'OH/oh': (1, 7), 'IC/ic': (4, 128), 'OC/oc': (2, 256)}","('OH/oh', 'IC/ic', 'OC/oc', 'OW/ow', 'B/b')",oc,Weight Stationary,2864,2097152.0,1048576.0,2097152.0,0.0,0.0,1
128.0,64.0,1,8,12.5,0.61,0.61,16,16,RESNET-50,conv5_2_c,20967,6272,6272,14695,419302.68129996804,0,25165824.0,16777216,16777216,32112640,32112640,12845056,401408,12845056,401408,32112640,32112640,23601152,6422528,"{'B/b': (1, 1), 'OW/ow': (1, 7), 'OH/oh': (1, 7), 'IC/ic': (1, 512), 'OC/oc': (2, 1024)}","('OH/oh', 'IC/ic', 'OC/oc', 'OW/ow', 'B/b')",oc,Weight Stationary,2864,2097152.0,1048576.0,2097152.0,0.0,0.0,1
128.0,64.0,1,8,12.5,0.61,0.61,16,16,RESNET-50,conv5_3_a,15081,6272,6272,8809,312721.118655488,0,25165824.0,16777216,16777216,27295744,27295744,12845056,1605632,12845056,1605632,27295744,27295744,19988480,1605632,"{'B/b': (1, 1), 'OW/ow': (1, 7), 'OH/oh': (1, 7), 'IC/ic': (16, 128), 'OC/oc': (8, 64)}","('OH/oh', 'IC/ic', 'OC/oc', 'OW/ow', 'B/b')",oc,Weight Stationary,2864,2097152.0,1048576.0,2097152.0,0.0,0.0,1
128.0,64.0,1,8,12.5,0.61,0.61,16,16,RESNET-50,conv5_3_b,29068,14112,14112,14956,615272.9533972479,0,56623104.0,37748736,37748736,59408384,59408384,28901376,663552,28901376,663552,59408384,59408384,40017920,1605632,"{'B/b': (1, 1), 'OW/ow': (1, 7), 'OH/oh': (1, 7), 'IC/ic': (4, 128), 'OC/oc': (2, 256)}","('OH/oh', 'IC/ic', 'OC/oc', 'OW/ow', 'B/b')",oc,Weight Stationary,2864,2097152.0,1048576.0,2097152.0,0.0,0.0,1
128.0,64.0,1,8,12.5,0.61,0.61,16,16,RESNET-50,conv5_3_c,20967,6272,6272,14695,419302.68129996804,0,25165824.0,16777216,16777216,32112640,32112640,12845056,401408,12845056,401408,32112640,32112640,23601152,6422528,"{'B/b': (1, 1), 'OW/ow': (1, 7), 'OH/oh': (1, 7), 'IC/ic': (1, 512), 'OC/oc': (2, 1024)}","('OH/oh', 'IC/ic', 'OC/oc', 'OW/ow', 'B/b')",oc,Weight Stationary,2864,2097152.0,1048576.0,2097152.0,0.0,0.0,1
32.0,32.0,8,8,12.5,0.61,0.61,16,16,MobileNet-v1,conv1,37619,6272,6272,31347,710017.6622134561,13824,0.0,110592,110592,51380224,51380224,21676032,2473344,21676032,2473344,51380224,51380224,28177280,25690112,"{'B/b': (1, 1), 'OW/ow': (1, 56), 'OH/oh': (1, 28), 'IC/ic': (1, 3), 'OC/oc': (4, 8)}","('OH/oh', 'IC/ic', 'OC/oc', 'OW/ow', 'B/b')",of,Weight Stationary,2864,262144.0,262144.0,262144.0,0.0,0.0,1
32.0,32.0,8,8,12.5,0.61,0.61,16,16,MobileNet-v1,conv2-dw,91072,1568,1568,40896,867968.8298411521,4608,0.0,1152,36864,1605632,51380224,1806336,7127040,1806336,7127040,1605632,51380224,1025680,25690112,"{'B/b': (1, 1), 'OW/ow': (1, 56), 'OH/oh': (1, 28), 'IC/ic': (32, 1), 'OC/oc': (1, 1)}","('OH/oh', 'IC/ic', 'OC/oc', 'OW/ow', 'B/b')",of,Weight Stationary,2864,262144.0,262144.0,262144.0,0.0,0.0,1
32.0,64.0,4,8,12.5,0.61,0.61,16,16,MobileNet-v1,conv3,76269,3136,3136,73133,1407062.238871552,32768,0.0,917504,131072,102760448,102760448,6422528,6422528,6422528,6422528,102760448,102760448,57835520,51380224,"{'B/b': (1, 1), 'OW/ow': (7, 8), 'OH/oh': (1, 56), 'IC/ic': (1, 32), 'OC/oc': (1, 64)}","('OH/oh', 'IC/ic', 'OC/oc', 'OW/ow', 'B/b')",of,Weight Stationary,2864,524288.0,524288.0,524288.0,0.0,0.0,1
32.0,32.0,8,8,12.5,0.61,0.61,16,16,MobileNet-v1,conv4-dw,52608,392,392,27520,561130.134034944,9216,0.0,1152,73728,401408,25690112,451584,13541376,451584,13541376,401408,25690112,412432,12845056,"{'B/b': (1, 1), 'OW/ow': (1, 28), 'OH/oh': (1, 14), 'IC/ic': (64, 1), 'OC/oc': (1, 1)}","('OH/oh', 'IC/ic', 'OC/oc', 'OW/ow', 'B/b')",of,Weight Stationary,2864,262144.0,262144.0,262144.0,0.0,0.0,1
64.0,128.0,1,8,12.5,0.61,0.61,16,16,MobileNet-v1,conv5,38215,3136,3136,35079,708151.9637381121,0,196608.0,917504,131072,51380224,51380224,3211264,3211264,3211264,3211264,51380224,51380224,29032448,25690112,"{'B/b': (1, 1), 'OW/ow': (7, 8), 'OH/oh': (1, 56), 'IC/ic': (1, 64), 'OC/oc': (1, 128)}","('OH/oh', 'IC/ic', 'OC/oc', 'OW/ow', 'B/b')",oc,Weight Stationary,2864,2097152.0,2097152.0,1048576.0,0.0,0.0,1
32.0,32.0,8,8,12.5,0.61,0.61,16,16,MobileNet-v1,conv6-dw,91776,392,392,41600,877549.0546145281,18432,0.0,1152,147456,401408,51380224,451584,7864320,451584,7864320,401408,51380224,262288,25690112,"{'B/b': (1, 1), 'OW/ow': (1, 28), 'OH/oh': (1, 14), 'IC/ic': (128, 1), 'OC/oc': (1, 1)}","('OH/oh', 'IC/ic', 'OC/oc', 'OW/ow', 'B/b')",of,Weight Stationary,2864,262144.0,262144.0,262144.0,0.0,0.0,1
128.0,64.0,1,8,12.5,0.61,0.61,16,16,MobileNet-v1,conv7,40549,6272,6272,34277,760477.1868016641,0,393216.0,1835008,262144,51380224,51380224,12845056,6422528,12845056,6422528,51380224,51380224,32374784,25690112,"{'B/b': (1, 1), 'OW/ow': (7, 8), 'OH/oh': (1, 56), 'IC/ic': (1, 128), 'OC/oc': (1, 128)}","('OH/oh', 'IC/ic', 'OC/oc', 'OW/ow', 'B/b')",oc,Weight Stationary,2864,2097152.0,1048576.0,2097152.0,0.0,0.0,1
32.0,32.0,8,8,12.5,0.61,0.61,16,16,MobileNet-v1,conv8-dw,26752,98,98,14208,285294.87771340803,18432,0.0,1152,147456,100352,12845056,112896,7127040,112896,7127040,100352,12845056,106000,6422528,"{'B/b': (1, 1), 'OW/ow': (1, 14), 'OH/oh': (1, 7), 'IC/ic': (128, 1), 'OC/oc': (1, 1)}","('OH/oh', 'IC/ic', 'OC/oc', 'OW/ow', 'B/b')",of,Weight Stationary,2864,262144.0,262144.0,262144.0,0.0,0.0,1
64.0,128.0,1,8,12.5,0.61,0.61,16,16,MobileNet-v1,conv9,19429,3136,3136,16293,367993.433632768,0,786432.0,3670016,524288,38535168,38535168,3211264,1605632,3211264,1605632,38535168,38535168,14974976,12845056,"{'B/b': (1, 1), 'OW/ow': (7, 4), 'OH/oh': (1, 28), 'IC/ic': (1, 128), 'OC/oc': (1, 256)}","('OH/oh', 'IC/ic', 'OC/oc', 'OW/ow', 'B/b')",oc,Weight Stationary,2864,2097152.0,2097152.0,1048576.0,0.0,0.0,1
32.0,32.0,8,8,12.5,0.61,0.61,16,16,MobileNet-v1,conv10-dw,46848,98,98,21760,449172.938520576,36864,0.0,1152,294912,100352,25690112,112896,4718592,112896,4718592,100352,25690112,68752,12845056,"{'B/b': (1, 1), 'OW/ow': (1, 14), 'OH/oh': (1, 7), 'IC/ic': (256, 1), 'OC/oc': (1, 1)}","('OH/oh', 'IC/ic', 'OC/oc', 'OW/ow', 'B/b')",of,Weight Stationary,2864,262144.0,262144.0,262144.0,0.0,0.0,1
128.0,64.0,1,8,12.5,0.61,0.61,16,16,MobileNet-v1,conv11,20916,6272,6272,14644,405267.139198976,0,1572864.0,7340032,1048576,38535168,38535168,12845056,3211264,12845056,3211264,38535168,38535168,17104896,12845056,"{'B/b': (1, 1), 'OW/ow': (7, 4), 'OH/oh': (1, 28), 'IC/ic': (1, 256), 'OC/oc': (2, 128)}","('OH/oh', 'IC/ic', 'OC/oc', 'OW/ow', 'B/b')",oc,Weight Stationary,2864,2097152.0,1048576.0,2097152.0,0.0,0.0,1
32.0,32.0,8,8,12.5,0.61,0.61,16,16,MobileNet-v1,conv12-dw,15872,28,28,8704,167862.408431616,36864,0.0,1152,294912,28672,7340032,32256,4423680,32256,4423680,28672,7340032,31760,3670016,"{'B/b': (1, 1), 'OW/ow': (1, 7), 'OH/oh': (1, 4), 'IC/ic': (256, 1), 'OC/oc': (1, 1)}","('OH/oh', 'IC/ic', 'OC/oc', 'OW/ow', 'B/b')",of,Weight Stationary,2864,262144.0,262144.0,262144.0,0.0,0.0,1
128.0,64.0,1,8,12.5,0.61,0.61,16,16,MobileNet-v1,conv13,10996,3136,3136,7860,213563.874379776,0,3145728.0,2097152,2097152,19267584,19267584,6422528,802816,6422528,802816,19267584,19267584,9322496,6422528,"{'B/b': (1, 1), 'OW/ow': (1, 14), 'OH/oh': (1, 14), 'IC/ic': (1, 256), 'OC/oc': (8, 64)}","('OH/oh', 'IC/ic', 'OC/oc', 'OW/ow', 'B/b')",oc,Weight Stationary,2864,2097152.0,1048576.0,2097152.0,0.0,0.0,1
32.0,32.0,8,8,12.5,0.61,0.61,16,16,MobileNet-v1,conv14-dw,27648,28,28,13312,268131.94971955207,73728,0.0,1152,589824,28672,14680064,32256,3538944,32256,3538944,28672,14680064,21392,7340032,"{'B/b': (1, 1), 'OW/ow': (1, 7), 'OH/oh': (1, 4), 'IC/ic': (512, 1), 'OC/oc': (1, 1)}","('OH/oh', 'IC/ic', 'OC/oc', 'OW/ow', 'B/b')",of,Weight Stationary,2864,262144.0,262144.0,262144.0,0.0,0.0,1
128.0,64.0,1,8,12.5,0.61,0.61,16,16,MobileNet-v1,conv15,13021,6272,6272,6749,264574.24245555204,0,6291456.0,4194304,4194304,32112640,32112640,12845056,1605632,12845056,1605632,32112640,32112640,12222464,6422528,"{'B/b': (1, 1), 'OW/ow': (1, 14), 'OH/oh': (1, 14), 'IC/ic': (1, 512), 'OC/oc': (8, 64)}","('OH/oh', 'IC/ic', 'OC/oc', 'OW/ow', 'B/b')",oc,Weight Stationary,2864,2097152.0,1048576.0,2097152.0,0.0,0.0,1
32.0,32.0,8,8,12.5,0.61,0.61,16,16,MobileNet-v1,conv16-dw,27648,28,28,13312,268131.94971955207,73728,0.0,1152,589824,28672,14680064,32256,3538944,32256,3538944,28672,14680064,21392,7340032,"{'B/b': (1, 1), 'OW/ow': (1, 7), 'OH/oh': (1, 4), 'IC/ic': (512, 1), 'OC/oc': (1, 1)}","('OH/oh', 'IC/ic', 'OC/oc', 'OW/ow', 'B/b')",of,Weight Stationary,2864,262144.0,262144.0,262144.0,0.0,0.0,1
128.0,64.0,1,8,12.5,0.61,0.61,16,16,MobileNet-v1,conv17,13021,6272,6272,6749,264574.24245555204,0,6291456.0,4194304,4194304,32112640,32112640,12845056,1605632,12845056,1605632,32112640,32112640,12222464,6422528,"{'B/b': (1, 1), 'OW/ow': (1, 14), 'OH/oh': (1, 14), 'IC/ic': (1, 512), 'OC/oc': (8, 64)}","('OH/oh', 'IC/ic', 'OC/oc', 'OW/ow', 'B/b')",oc,Weight Stationary,2864,2097152.0,1048576.0,2097152.0,0.0,0.0,1
32.0,32.0,8,8,12.5,0.61,0.61,16,16,MobileNet-v1,conv18-dw,27648,28,28,13312,268131.94971955207,73728,0.0,1152,589824,28672,14680064,32256,3538944,32256,3538944,28672,14680064,21392,7340032,"{'B/b': (1, 1), 'OW/ow': (1, 7), 'OH/oh': (1, 4), 'IC/ic': (512, 1), 'OC/oc': (1, 1)}","('OH/oh', 'IC/ic', 'OC/oc', 'OW/ow', 'B/b')",of,Weight Stationary,2864,262144.0,262144.0,262144.0,0.0,0.0,1
128.0,64.0,1,8,12.5,0.61,0.61,16,16,MobileNet-v1,conv19,13021,6272,6272,6749,264574.24245555204,0,6291456.0,4194304,4194304,32112640,32112640,12845056,1605632,12845056,1605632,32112640,32112640,12222464,6422528,"{'B/b': (1, 1), 'OW/ow': (1, 14), 'OH/oh': (1, 14), 'IC/ic': (1, 512), 'OC/oc': (8, 64)}","('OH/oh', 'IC/ic', 'OC/oc', 'OW/ow', 'B/b')",oc,Weight Stationary,2864,2097152.0,1048576.0,2097152.0,0.0,0.0,1
32.0,32.0,8,8,12.5,0.61,0.61,16,16,MobileNet-v1,conv20-dw,27648,28,28,13312,268131.94971955207,73728,0.0,1152,589824,28672,14680064,32256,3538944,32256,3538944,28672,14680064,21392,7340032,"{'B/b': (1, 1), 'OW/ow': (1, 7), 'OH/oh': (1, 4), 'IC/ic': (512, 1), 'OC/oc': (1, 1)}","('OH/oh', 'IC/ic', 'OC/oc', 'OW/ow', 'B/b')",of,Weight Stationary,2864,262144.0,262144.0,262144.0,0.0,0.0,1
128.0,64.0,1,8,12.5,0.61,0.61,16,16,MobileNet-v1,conv21,13021,6272,6272,6749,264574.24245555204,0,6291456.0,4194304,4194304,32112640,32112640,12845056,1605632,12845056,1605632,32112640,32112640,12222464,6422528,"{'B/b': (1, 1), 'OW/ow': (1, 14), 'OH/oh': (1, 14), 'IC/ic': (1, 512), 'OC/oc': (8, 64)}","('OH/oh', 'IC/ic', 'OC/oc', 'OW/ow', 'B/b')",oc,Weight Stationary,2864,2097152.0,1048576.0,2097152.0,0.0,0.0,1
32.0,32.0,8,8,12.5,0.61,0.61,16,16,MobileNet-v1,conv22-dw,27648,28,28,13312,268131.94971955207,73728,0.0,1152,589824,28672,14680064,32256,3538944,32256,3538944,28672,14680064,21392,7340032,"{'B/b': (1, 1), 'OW/ow': (1, 7), 'OH/oh': (1, 4), 'IC/ic': (512, 1), 'OC/oc': (1, 1)}","('OH/oh', 'IC/ic', 'OC/oc', 'OW/ow', 'B/b')",of,Weight Stationary,2864,262144.0,262144.0,262144.0,0.0,0.0,1
128.0,64.0,1,8,12.5,0.61,0.61,16,16,MobileNet-v1,conv23,13021,6272,6272,6749,264574.24245555204,0,6291456.0,4194304,4194304,32112640,32112640,12845056,1605632,12845056,1605632,32112640,32112640,12222464,6422528,"{'B/b': (1, 1), 'OW/ow': (1, 14), 'OH/oh': (1, 14), 'IC/ic': (1, 512), 'OC/oc': (8, 64)}","('OH/oh', 'IC/ic', 'OC/oc', 'OW/ow', 'B/b')",oc,Weight Stationary,2864,2097152.0,1048576.0,2097152.0,0.0,0.0,1
32.0,32.0,8,8,12.5,0.61,0.61,16,16,MobileNet-v1,conv24-dw,9216,8,8,5120,102018.562117632,73728,0.0,1152,589824,8192,4194304,9216,2949120,9216,2949120,8192,4194304,10000,2097152,"{'B/b': (1, 1), 'OW/ow': (1, 4), 'OH/oh': (1, 2), 'IC/ic': (512, 1), 'OC/oc': (1, 1)}","('OH/oh', 'IC/ic', 'OC/oc', 'OW/ow', 'B/b')",of,Weight Stationary,2864,262144.0,262144.0,262144.0,0.0,0.0,1
128.0,32.0,2,8,12.5,0.61,0.61,16,16,MobileNet-v1,conv25,11305,3584,3584,7721,227292.810108928,8388608,0.0,16777216,16777216,18350080,18350080,14680064,458752,14680064,458752,18350080,18350080,12517376,3670016,"{'B/b': (1, 1), 'OW/ow': (1, 7), 'OH/oh': (1, 4), 'IC/ic': (4, 128), 'OC/oc': (32, 32)}","('OH/oh', 'IC/ic', 'OC/oc', 'OW/ow', 'B/b')",of,Weight Stationary,2864,1048576.0,1048576.0,1048576.0,0.0,0.0,1
32.0,32.0,8,8,12.5,0.61,0.61,16,16,MobileNet-v1,conv26-dw,17408,8,8,9216,168988.970901504,147456,0.0,1152,1179648,8192,8388608,9216,3145728,9216,3145728,8192,8388608,7312,4194304,"{'B/b': (1, 1), 'OW/ow': (1, 4), 'OH/oh': (1, 2), 'IC/ic': (1024, 1), 'OC/oc': (1, 1)}","('OH/oh', 'IC/ic', 'OC/oc', 'OW/ow', 'B/b')",of,Weight Stationary,2864,262144.0,262144.0,262144.0,0.0,0.0,1
128.0,64.0,1,8,12.5,0.61,0.61,16,16,MobileNet-v1,conv27,16763,6272,6272,10491,343137.117175808,0,25165824.0,16777216,16777216,28901376,28901376,12845056,802816,12845056,802816,28901376,28901376,20791296,3211264,"{'B/b': (1, 1), 'OW/ow': (1, 7), 'OH/oh': (1, 7), 'IC/ic': (8, 128), 'OC/oc': (16, 64)}","('OH/oh', 'IC/ic', 'OC/oc', 'OW/ow', 'B/b')",oc,Weight Stationary,2864,2097152.0,1048576.0,2097152.0,0.0,0.0,1
128.0,64.0,1,8,12.5,0.61,0.61,16,16,MobileNet-v1,fc29,1182,16,16,1166,22573.142433160003,0,2457600.0,1638400,1638400,57600,57600,32768,16384,32768,16384,57600,57600,1661184,6400,"{'B/b': (1, 1), 'OW/ow': (1, 1), 'OH/oh': (1, 1), 'IC/ic': (8, 128), 'OC/oc': (1, 100)}","('OH/oh', 'IC/ic', 'OC/oc', 'OW/ow', 'B/b')",oc,Weight Stationary,2864,2097152.0,1048576.0,2097152.0,0.0,0.0,1
128.0,32.0,2,8,12.5,0.61,0.61,16,16,AlexNet,conv1,28631,13860,13860,14771,583637.865038148,557568,0.0,1115136,1115136,75694080,75694080,53665920,2593248,53665920,2593248,75694080,75694080,22074336,18923520,"{'B/b': (1, 1), 'OW/ow': (1, 55), 'OH/oh': (1, 28), 'IC/ic': (1, 3), 'OC/oc': (3, 32)}","('OH/oh', 'IC/ic', 'OC/oc', 'OW/ow', 'B/b')",of,Weight Stationary,2864,1048576.0,1048576.0,1048576.0,0.0,0.0,1
256.0,32.0,1,8,12.5,0.61,0.61,16,16,AlexNet,pool1,13497,9072,9072,4425,298015.29825753596,0,1990656.0,501645312,1327104,23224320,23224320,31352832,8709120,31352832,8709120,23224320,23224320,14681088,4644864,"{'B/b': (1, 1), 'OW/ow': (27, 1), 'OH/oh': (14, 2), 'IC/ic': (1, 96), 'OC/oc': (3, 32)}","('OH/oh', 'IC/ic', 'OC/oc', 'OW/ow', 'B/b')",oc,Weight Stationary,2864,2097152.0,1048576.0,2097152.0,0.0,0.0,1
256.0,32.0,1,8,12.5,0.61,0.61,16,16,AlexNet,conv2,62295,58320,58320,3975,686584.45943328,0,14745600.0,9830400,9830400,131383296,131383296,223948800,1476096,223948800,1476096,131383296,131383296,23250432,11943936,"{'B/b': (1, 1), 'OW/ow': (1, 27), 'OH/oh': (1, 27), 'IC/ic': (1, 96), 'OC/oc': (8, 32)}","('OH/oh', 'IC/ic', 'OC/oc', 'OW/ow', 'B/b')",oc,Weight Stationary,2864,2097152.0,1048576.0,2097152.0,0.0,0.0,1
256.0,32.0,1,8,12.5,0.61,0.61,16,16,AlexNet,pool2,18945,12168,12168,6777,285323.064499712,0,14155776.0,9437184,9437184,27688960,27688960,49840128,2985984,49840128,2985984,27688960,27688960,15192064,2768896,"{'B/b': (1, 1), 'OW/ow': (1, 13), 'OH/oh': (1, 13), 'IC/ic': (1, 256), 'OC/oc': (8, 32)}","('OH/oh', 'IC/ic', 'OC/oc', 'OW/ow', 'B/b')",oc,Weight Stationary,2864,2097152.0,1048576.0,2097152.0,0.0,0.0,1
256.0,32.0,1,8,12.5,0.61,0.61,16,16,AlexNet,conv3,22203,19656,19656,2547,409512.995014656,0,21233664.0,99090432,14155776,44728320,44728320,80510976,1720320,80510976,1720320,44728320,44728320,20348928,4472832,"{'B/b': (1, 1), 'OW/ow': (7, 2), 'OH/oh': (1, 13), 'IC/ic': (1, 256), 'OC/oc': (12, 32)}","('OH/oh', 'IC/ic', 'OC/oc', 'OW/ow', 'B/b')",oc,Weight Stationary,2864,2097152.0,1048576.0,2097152.0,0.0,0.0,1
256.0,32.0,1,8,12.5,0.61,0.61,16,16,AlexNet,conv4,34135,30576,30576,3559,560488.492521984,0,31850496.0,148635648,21233664,67092480,67092480,120766464,2580480,120766464,2580480,67092480,67092480,28286976,4472832,"{'B/b': (1, 1), 'OW/ow': (7, 2), 'OH/oh': (1, 13), 'IC/ic': (1, 384), 'OC/oc': (12, 32)}","('OH/oh', 'IC/ic', 'OC/oc', 'OW/ow', 'B/b')",oc,Weight Stationary,2864,2097152.0,1048576.0,2097152.0,0.0,0.0,1
256.0,32.0,1,8,12.5,0.61,0.61,16,16,AlexNet,conv5,24997,18928,18928,6069,355262.424249088,0,21233664.0,14155776,14155776,41533440,41533440,74760192,1382400,74760192,1382400,41533440,41533440,18307072,2768896,"{'B/b': (1, 1), 'OW/ow': (1, 13), 'OH/oh': (1, 13), 'IC/ic': (1, 384), 'OC/oc': (8, 32)}","('OH/oh', 'IC/ic', 'OC/oc', 'OW/ow', 'B/b')",oc,Weight Stationary,2864,2097152.0,1048576.0,2097152.0,0.0,0.0,1
